{"loss": [1.066280484199524, 0.8182334899902344, 0.7280219197273254, 0.6481571793556213, 0.5948479175567627, 0.6570664048194885, 0.6124042868614197, 0.5879147052764893, 0.6063891053199768, 0.5399209856987], "accuracy": [0.6016071438789368, 0.6787499785423279, 0.7157142758369446, 0.7430357336997986, 0.7758928537368774, 0.7408928275108337, 0.7632142901420593, 0.7737500071525574, 0.7648214101791382, 0.7978571653366089], "val_loss": [4.920722007751465, 3.473269462585449, 1.6864601373672485, 2.4224061965942383, 3.1513845920562744, 4.7034783363342285, 4.74572229385376, 7.213420867919922, 1.5061269998550415, 3.2299039363861084], "val_accuracy": [0.27562499046325684, 0.29750001430511475, 0.47749999165534973, 0.5024999976158142, 0.6306250095367432, 0.26124998927116394, 0.32124999165534973, 0.2681249976158142, 0.578125, 0.5412499904632568]}