{
    "loss": [
        0.5418531894683838,
        0.25204649567604065,
        0.1612837016582489,
        0.13948005437850952,
        0.11485153436660767,
        0.11153720319271088,
        0.08960545808076859,
        0.07508295774459839,
        0.06958433240652084,
        0.08597162365913391,
        0.08204004168510437,
        0.0607934407889843,
        0.06009969860315323,
        0.05356200039386749
    ],
    "accuracy": [
        0.793749988079071,
        0.9178571701049805,
        0.9403571486473083,
        0.9523214101791382,
        0.9641071557998657,
        0.9635714292526245,
        0.9723214507102966,
        0.9755356907844543,
        0.9785714149475098,
        0.9723214507102966,
        0.9735714197158813,
        0.9808928370475769,
        0.9819642901420593,
        0.9817857146263123
    ],
    "val_loss": [
        0.3931100368499756,
        0.3921069800853729,
        0.45726117491722107,
        0.3945554792881012,
        0.3445611596107483,
        0.3179509937763214,
        0.3222064971923828,
        0.3758779466152191,
        0.4214629828929901,
        0.4157901704311371,
        0.35527676343917847,
        0.47556641697883606,
        0.40895622968673706,
        0.40641719102859497
    ],
    "val_accuracy": [
        0.8899999856948853,
        0.887499988079071,
        0.8974999785423279,
        0.9287499785423279,
        0.9287499785423279,
        0.9381250143051147,
        0.940625011920929,
        0.9306250214576721,
        0.925000011920929,
        0.9325000047683716,
        0.9368749856948853,
        0.9356250166893005,
        0.9431250095367432,
        0.934374988079071
    ]
}