{"loss": [1.245943546295166, 1.1479206085205078, 1.1315866708755493, 1.1146225929260254, 1.1037495136260986, 1.102677345275879, 1.094301700592041, 1.0950146913528442, 1.094604253768921, 1.0864508152008057], "accuracy": [0.40607142448425293, 0.4558928608894348, 0.4503571391105652, 0.4749999940395355, 0.4846428632736206, 0.4860714375972748, 0.4969642758369446, 0.48053571581840515, 0.48696428537368774, 0.4966071546077728], "val_loss": [1.2324100732803345, 1.3016492128372192, 1.2275798320770264, 1.4116367101669312, 1.2861082553863525, 1.4468001127243042, 1.3390220403671265, 1.3656096458435059, 1.410157322883606, 1.399327039718628], "val_accuracy": [0.4818750023841858, 0.40937501192092896, 0.4868749976158142, 0.4437499940395355, 0.5199999809265137, 0.4268749952316284, 0.5087500214576721, 0.48875001072883606, 0.48500001430511475, 0.4868749976158142]}